"clusters","cluster_size","icc","effect","scenario","method","replications","bias","bias_mcse","empirical_sd","mean_standard_error","rmse","coverage","coverage_mcse","rejection_rate","rejection_mcse","design_effect"
20,10,0.05,0,1,"individual_OLS",2000,0.000729267322211377,0.00386230149467653,0.172727373833915,0.141117419659153,0.172685726478921,0.8885,0.00703803061942757,0.1115,0.00703803061942757,1.45
20,10,0.05,0,1,"cluster_means",2000,0.000729267322211377,0.00386230149467653,0.172727373833915,0.168258610748013,0.172685726478921,0.9425,0.00520546587732549,0.0575,0.00520546587732549,1.45
50,10,0.05,0,2,"individual_OLS",2000,0.000645886105743691,0.00241527981210132,0.10801459689083,0.0892534238376531,0.107989521407307,0.898,0.00676742196113114,0.102,0.00676742196113114,1.45
50,10,0.05,0,2,"cluster_means",2000,0.000645886105743691,0.00241527981210132,0.10801459689083,0.107242969793401,0.107989521407307,0.947,0.0050095408971282,0.053,0.0050095408971282,1.45
20,30,0.05,0,3,"individual_OLS",2000,0.000567520335220546,0.00284482068471969,0.127224248696614,0.0814219391046477,0.127193704761756,0.797,0.00899419257076476,0.203,0.00899419257076476,2.45
20,30,0.05,0,3,"cluster_means",2000,0.000567520335220546,0.00284482068471969,0.127224248696614,0.126073136354333,0.127193704761756,0.95,0.00487339717240448,0.05,0.00487339717240448,2.45
50,30,0.05,0,4,"individual_OLS",2000,0.000300992117899121,0.00179491177160504,0.0802708946984689,0.0515401932127854,0.0802513889205657,0.8035,0.0088850365784278,0.1965,0.0088850365784278,2.45
50,30,0.05,0,4,"cluster_means",2000,0.000300992117899121,0.00179491177160504,0.0802708946984689,0.0801187761369844,0.0802513889205657,0.948,0.00496467521596328,0.052,0.00496467521596328,2.45
20,10,0.3,0,5,"individual_OLS",2000,-0.00759011500924158,0.00624895663141888,0.279461836326014,0.139484296045502,0.27949504172629,0.665,0.0105540276671989,0.335,0.0105540276671989,3.7
20,10,0.3,0,5,"cluster_means",2000,-0.00759011500924158,0.00624895663141888,0.279461836326014,0.270776600872495,0.27949504172629,0.948,0.00496467521596328,0.052,0.00496467521596328,3.7
50,10,0.3,0,6,"individual_OLS",2000,-0.00214317582832338,0.00387781140665792,0.173420998184224,0.0889984234301023,0.173390883245164,0.68,0.0104307238483242,0.32,0.0104307238483242,3.7
50,10,0.3,0,6,"cluster_means",2000,-0.00214317582832338,0.00387781140665792,0.173420998184224,0.171506264102082,0.173390883245164,0.9495,0.00489641450451246,0.0505,0.00489641450451246,3.7
20,30,0.3,0,7,"individual_OLS",2000,0.00068888644533576,0.0056809992281061,0.254062009083382,0.0802003418142936,0.253999419825694,0.465,0.0111529144173171,0.535,0.0111529144173171,9.7
20,30,0.3,0,7,"cluster_means",2000,0.00068888644533576,0.0056809992281061,0.254062009083382,0.24900631255353,0.253999419825694,0.952,0.00477995815881269,0.048,0.00477995815881269,9.7
50,30,0.3,0,8,"individual_OLS",2000,-0.00461935184790971,0.00358480680169806,0.16031743389601,0.0512949690163892,0.160343902854741,0.4675,0.0111566964196396,0.5325,0.0111566964196396,9.7
50,30,0.3,0,8,"cluster_means",2000,-0.00461935184790971,0.00358480680169806,0.16031743389601,0.159909491130745,0.160343902854741,0.945,0.00509779364038993,0.055,0.00509779364038993,9.7
20,10,0.05,0.2,9,"individual_OLS",2000,-0.00984746215344479,0.00385987606464596,0.172618905305455,0.14100898949145,0.172856473227018,0.896,0.00682583328246449,0.308,0.0103231778053078,1.45
20,10,0.05,0.2,9,"cluster_means",2000,-0.00984746215344479,0.00385987606464596,0.172618905305455,0.168291407531813,0.172856473227018,0.952,0.00477995815881269,0.187,0.00871868682772813,1.45
50,10,0.05,0.2,10,"individual_OLS",2000,-0.000391346951323868,0.00239825304657165,0.107253136787604,0.089346450938966,0.107227034303581,0.9005,0.00669327087454258,0.602,0.0109452272703677,1.45
50,10,0.05,0.2,10,"cluster_means",2000,-0.000391346951323868,0.00239825304657165,0.107253136787604,0.107605326398715,0.107227034303581,0.955,0.00463546114210873,0.454,0.011132924144177,1.45
20,30,0.05,0.2,11,"individual_OLS",2000,-0.00466729477059097,0.00287067909079498,0.128380671772097,0.0814371408826521,0.128433405805064,0.788,0.00913936540466569,0.6095,0.010908935557606,2.45
20,30,0.05,0.2,11,"cluster_means",2000,-0.00466729477059097,0.00287067909079498,0.128380671772097,0.125938886151207,0.128433405805064,0.9515,0.00480352734977121,0.309,0.0103324488868806,2.45
50,30,0.05,0.2,12,"individual_OLS",2000,0.00270292950382175,0.00179796942470199,0.0804076371019966,0.0515852658456901,0.0804329611426612,0.7855,0.00917850069455791,0.8915,0.00695441406590088,2.45
50,30,0.05,0.2,12,"cluster_means",2000,0.00270292950382175,0.00179796942470199,0.0804076371019966,0.0802362578730773,0.0804329611426612,0.954,0.00468422885862764,0.695,0.0102950230694253,2.45
20,10,0.3,0.2,13,"individual_OLS",2000,-0.00639233033941344,0.00606058573097296,0.271037633558416,0.139551789454172,0.271045254510592,0.6915,0.0103278204380208,0.419,0.0110326560718623,3.7
20,10,0.3,0.2,13,"cluster_means",2000,-0.00639233033941344,0.00606058573097296,0.271037633558416,0.269564194210187,0.271045254510592,0.955,0.00463546114210873,0.1005,0.00672308522926788,3.7
50,10,0.3,0.2,14,"individual_OLS",2000,-0.00613475236025277,0.00384574542924178,0.171986964078875,0.0889157964135198,0.17205336742326,0.692,0.0103231778053078,0.5575,0.0111061638291536,3.7
50,10,0.3,0.2,14,"cluster_means",2000,-0.00613475236025277,0.00384574542924178,0.171986964078875,0.171129752610422,0.17205336742326,0.9465,0.00503178646208283,0.1965,0.0088850365784278,3.7
20,30,0.3,0.2,15,"individual_OLS",2000,0.00932460294695742,0.0055773294829192,0.249425757134422,0.0803736519912563,0.249537672382422,0.4815,0.0111726843238319,0.6395,0.0107363809079224,9.7
20,30,0.3,0.2,15,"cluster_means",2000,0.00932460294695742,0.0055773294829192,0.249425757134422,0.251156239701929,0.249537672382422,0.9545,0.00465992220965114,0.122,0.0073183331435512,9.7
50,30,0.3,0.2,16,"individual_OLS",2000,0.001319783635474,0.00359365880333797,0.160713307444085,0.0513055407353892,0.16067854441358,0.466,0.0111544609910116,0.7605,0.00954305375652888,9.7
50,30,0.3,0.2,16,"cluster_means",2000,0.001319783635474,0.00359365880333797,0.160713307444085,0.160295549476942,0.16067854441358,0.9495,0.00489641450451246,0.23,0.00941010095588777,9.7
